USE [VteamWork]
GO
SET IDENTITY_INSERT [dbo].[tbl_APPLICATION] ON 

INSERT [dbo].[tbl_APPLICATION] ([APPLICATION_ID], [APPLICATION_NAME], [APPLICATION_DESC], [UPDATE_ID], [CREATED_BY], [CREATED_ON], [UPDATED_BY], [UPDATED_ON]) VALUES (1, N'VTeamWork', N'VTeamWork', N'SCRIPT                              ', N'SCRIPT', CAST(N'2017-07-31T00:00:00.000' AS DateTime), N'SCRIPT', CAST(N'2017-07-31T00:00:00.000' AS DateTime))
SET IDENTITY_INSERT [dbo].[tbl_APPLICATION] OFF
SET IDENTITY_INSERT [dbo].[tbl_ROLE] ON 

INSERT [dbo].[tbl_ROLE] ([ROLE_ID], [ROLE_NAME], [ROLE_DESC], [APPLICATION_ID], [MANAGER_ROLE_ID], [IS_DELETED], [UPDATE_ID], [CREATED_BY], [CREATED_ON], [UPDATED_BY], [UPDATED_ON], [MAKE_ID]) VALUES (1, N'Admin', N'Admin', 1, NULL, NULL, NULL, NULL, NULL, NULL, NULL, NULL)
INSERT [dbo].[tbl_ROLE] ([ROLE_ID], [ROLE_NAME], [ROLE_DESC], [APPLICATION_ID], [MANAGER_ROLE_ID], [IS_DELETED], [UPDATE_ID], [CREATED_BY], [CREATED_ON], [UPDATED_BY], [UPDATED_ON], [MAKE_ID]) VALUES (2, N'Student', N'Student', 1, NULL, NULL, NULL, NULL, NULL, NULL, NULL, NULL)
INSERT [dbo].[tbl_ROLE] ([ROLE_ID], [ROLE_NAME], [ROLE_DESC], [APPLICATION_ID], [MANAGER_ROLE_ID], [IS_DELETED], [UPDATE_ID], [CREATED_BY], [CREATED_ON], [UPDATED_BY], [UPDATED_ON], [MAKE_ID]) VALUES (3, N'Coach', N'Coach', 1, NULL, NULL, NULL, NULL, NULL, NULL, NULL, NULL)
SET IDENTITY_INSERT [dbo].[tbl_ROLE] OFF
SET IDENTITY_INSERT [dbo].[tbl_MENU_GROUP] ON 

INSERT [dbo].[tbl_MENU_GROUP] ([MENU_GROUP_ID], [MENU_GROUP_NAME], [PARENT_MENU_GROUP_ID], [UPDATE_ID], [MENU_GROUP_SEQ], [CREATED_BY], [CREATED_ON], [UPDATED_BY], [UPDATED_ON]) VALUES (1, N'Admin', 0, N'                                    ', 1, N'SCRIPT', CAST(N'2017-07-31T00:00:00.000' AS DateTime), N'SCRIPT', CAST(N'2017-07-31T00:00:00.000' AS DateTime))
INSERT [dbo].[tbl_MENU_GROUP] ([MENU_GROUP_ID], [MENU_GROUP_NAME], [PARENT_MENU_GROUP_ID], [UPDATE_ID], [MENU_GROUP_SEQ], [CREATED_BY], [CREATED_ON], [UPDATED_BY], [UPDATED_ON]) VALUES (2, N'User Management', 1, NULL, 1, N'SCRIPT', CAST(N'2017-07-31T00:00:00.000' AS DateTime), N'SCRIPT', CAST(N'2017-07-31T00:00:00.000' AS DateTime))
INSERT [dbo].[tbl_MENU_GROUP] ([MENU_GROUP_ID], [MENU_GROUP_NAME], [PARENT_MENU_GROUP_ID], [UPDATE_ID], [MENU_GROUP_SEQ], [CREATED_BY], [CREATED_ON], [UPDATED_BY], [UPDATED_ON]) VALUES (3, N'Course Management', 1, NULL, 2, N'SCRIPT', CAST(N'2017-07-31T00:00:00.000' AS DateTime), N'SCRIPT', CAST(N'2017-07-31T00:00:00.000' AS DateTime))
INSERT [dbo].[tbl_MENU_GROUP] ([MENU_GROUP_ID], [MENU_GROUP_NAME], [PARENT_MENU_GROUP_ID], [UPDATE_ID], [MENU_GROUP_SEQ], [CREATED_BY], [CREATED_ON], [UPDATED_BY], [UPDATED_ON]) VALUES (4, N'Student', 0, NULL, 4, NULL, NULL, NULL, NULL)
INSERT [dbo].[tbl_MENU_GROUP] ([MENU_GROUP_ID], [MENU_GROUP_NAME], [PARENT_MENU_GROUP_ID], [UPDATE_ID], [MENU_GROUP_SEQ], [CREATED_BY], [CREATED_ON], [UPDATED_BY], [UPDATED_ON]) VALUES (5, N'Student Detail', 4, NULL, 1, NULL, NULL, NULL, NULL)
INSERT [dbo].[tbl_MENU_GROUP] ([MENU_GROUP_ID], [MENU_GROUP_NAME], [PARENT_MENU_GROUP_ID], [UPDATE_ID], [MENU_GROUP_SEQ], [CREATED_BY], [CREATED_ON], [UPDATED_BY], [UPDATED_ON]) VALUES (6, N'Coach', 0, NULL, NULL, NULL, NULL, NULL, NULL)
INSERT [dbo].[tbl_MENU_GROUP] ([MENU_GROUP_ID], [MENU_GROUP_NAME], [PARENT_MENU_GROUP_ID], [UPDATE_ID], [MENU_GROUP_SEQ], [CREATED_BY], [CREATED_ON], [UPDATED_BY], [UPDATED_ON]) VALUES (7, N'Coach Detail', 6, NULL, 1, NULL, NULL, NULL, NULL)
SET IDENTITY_INSERT [dbo].[tbl_MENU_GROUP] OFF
SET IDENTITY_INSERT [dbo].[tbl_PAGE] ON 

INSERT [dbo].[tbl_PAGE] ([PAGE_ID], [PAGE_NAME], [PAGE_PATH], [APPLICATION_ID], [MENU_GROUP_ID], [PAGE_TYPE], [UPDATE_ID], [PAGE_SEQ], [CREATED_BY], [CREATED_ON], [UPDATED_BY], [UPDATED_ON]) VALUES (1, N'Student', N'Student.aspx', 1, 2, NULL, N'                                    ', 2, N'SCRIPT', CAST(N'2017-07-31' AS Date), N'SCRIPT', CAST(N'2017-07-31' AS Date))
INSERT [dbo].[tbl_PAGE] ([PAGE_ID], [PAGE_NAME], [PAGE_PATH], [APPLICATION_ID], [MENU_GROUP_ID], [PAGE_TYPE], [UPDATE_ID], [PAGE_SEQ], [CREATED_BY], [CREATED_ON], [UPDATED_BY], [UPDATED_ON]) VALUES (2, N'Coach', N'Coach.aspx', 1, 2, NULL, N'                                    ', 3, N'SCRIPT', CAST(N'2017-07-31' AS Date), N'SCRIPT', CAST(N'2017-07-31' AS Date))
INSERT [dbo].[tbl_PAGE] ([PAGE_ID], [PAGE_NAME], [PAGE_PATH], [APPLICATION_ID], [MENU_GROUP_ID], [PAGE_TYPE], [UPDATE_ID], [PAGE_SEQ], [CREATED_BY], [CREATED_ON], [UPDATED_BY], [UPDATED_ON]) VALUES (3, N'New User', N'User.aspx', 1, 2, NULL, NULL, 1, N'SCRIPT', CAST(N'2017-07-31' AS Date), N'SCRIPT', CAST(N'2017-07-31' AS Date))
INSERT [dbo].[tbl_PAGE] ([PAGE_ID], [PAGE_NAME], [PAGE_PATH], [APPLICATION_ID], [MENU_GROUP_ID], [PAGE_TYPE], [UPDATE_ID], [PAGE_SEQ], [CREATED_BY], [CREATED_ON], [UPDATED_BY], [UPDATED_ON]) VALUES (4, N'Deactivate User', N'OldUser.aspx', 1, 2, NULL, NULL, 4, NULL, NULL, NULL, NULL)
INSERT [dbo].[tbl_PAGE] ([PAGE_ID], [PAGE_NAME], [PAGE_PATH], [APPLICATION_ID], [MENU_GROUP_ID], [PAGE_TYPE], [UPDATE_ID], [PAGE_SEQ], [CREATED_BY], [CREATED_ON], [UPDATED_BY], [UPDATED_ON]) VALUES (6, N'Create Team', N'Team.aspx', 1, 3, NULL, NULL, 1, NULL, NULL, NULL, NULL)
INSERT [dbo].[tbl_PAGE] ([PAGE_ID], [PAGE_NAME], [PAGE_PATH], [APPLICATION_ID], [MENU_GROUP_ID], [PAGE_TYPE], [UPDATE_ID], [PAGE_SEQ], [CREATED_BY], [CREATED_ON], [UPDATED_BY], [UPDATED_ON]) VALUES (7, N'Create Module', N'Module.aspx', 1, 3, NULL, NULL, 2, NULL, NULL, NULL, NULL)
INSERT [dbo].[tbl_PAGE] ([PAGE_ID], [PAGE_NAME], [PAGE_PATH], [APPLICATION_ID], [MENU_GROUP_ID], [PAGE_TYPE], [UPDATE_ID], [PAGE_SEQ], [CREATED_BY], [CREATED_ON], [UPDATED_BY], [UPDATED_ON]) VALUES (8, N'Student Question', N'Question.aspx', 1, 3, NULL, NULL, 4, NULL, NULL, NULL, NULL)
INSERT [dbo].[tbl_PAGE] ([PAGE_ID], [PAGE_NAME], [PAGE_PATH], [APPLICATION_ID], [MENU_GROUP_ID], [PAGE_TYPE], [UPDATE_ID], [PAGE_SEQ], [CREATED_BY], [CREATED_ON], [UPDATED_BY], [UPDATED_ON]) VALUES (9, N'Assigning', N'AssignTeam.aspx', 1, 3, NULL, NULL, 6, NULL, NULL, NULL, NULL)
INSERT [dbo].[tbl_PAGE] ([PAGE_ID], [PAGE_NAME], [PAGE_PATH], [APPLICATION_ID], [MENU_GROUP_ID], [PAGE_TYPE], [UPDATE_ID], [PAGE_SEQ], [CREATED_BY], [CREATED_ON], [UPDATED_BY], [UPDATED_ON]) VALUES (10, N'Sub Module', N'SubModule.aspx', 1, 3, NULL, NULL, 3, NULL, NULL, NULL, NULL)
INSERT [dbo].[tbl_PAGE] ([PAGE_ID], [PAGE_NAME], [PAGE_PATH], [APPLICATION_ID], [MENU_GROUP_ID], [PAGE_TYPE], [UPDATE_ID], [PAGE_SEQ], [CREATED_BY], [CREATED_ON], [UPDATED_BY], [UPDATED_ON]) VALUES (11, N'Coach Question', N'CoachQuestion.aspx', 1, 3, NULL, NULL, 5, NULL, NULL, NULL, NULL)
INSERT [dbo].[tbl_PAGE] ([PAGE_ID], [PAGE_NAME], [PAGE_PATH], [APPLICATION_ID], [MENU_GROUP_ID], [PAGE_TYPE], [UPDATE_ID], [PAGE_SEQ], [CREATED_BY], [CREATED_ON], [UPDATED_BY], [UPDATED_ON]) VALUES (12, N'Student View', N'ViewStudentQuestion.aspx', 1, 3, NULL, NULL, 7, NULL, NULL, NULL, NULL)
INSERT [dbo].[tbl_PAGE] ([PAGE_ID], [PAGE_NAME], [PAGE_PATH], [APPLICATION_ID], [MENU_GROUP_ID], [PAGE_TYPE], [UPDATE_ID], [PAGE_SEQ], [CREATED_BY], [CREATED_ON], [UPDATED_BY], [UPDATED_ON]) VALUES (13, N'Coach View', N'ViewCoachQuestions.aspx', 1, 3, NULL, NULL, 8, NULL, NULL, NULL, NULL)
INSERT [dbo].[tbl_PAGE] ([PAGE_ID], [PAGE_NAME], [PAGE_PATH], [APPLICATION_ID], [MENU_GROUP_ID], [PAGE_TYPE], [UPDATE_ID], [PAGE_SEQ], [CREATED_BY], [CREATED_ON], [UPDATED_BY], [UPDATED_ON]) VALUES (1012, N'Student Exam', N'ViewModelStudent.aspx', 1, 5, NULL, NULL, 1, NULL, NULL, NULL, NULL)
INSERT [dbo].[tbl_PAGE] ([PAGE_ID], [PAGE_NAME], [PAGE_PATH], [APPLICATION_ID], [MENU_GROUP_ID], [PAGE_TYPE], [UPDATE_ID], [PAGE_SEQ], [CREATED_BY], [CREATED_ON], [UPDATED_BY], [UPDATED_ON]) VALUES (1013, N'Team Review', N'TeamReview.aspx', 1, 7, NULL, NULL, 1, NULL, NULL, NULL, NULL)
INSERT [dbo].[tbl_PAGE] ([PAGE_ID], [PAGE_NAME], [PAGE_PATH], [APPLICATION_ID], [MENU_GROUP_ID], [PAGE_TYPE], [UPDATE_ID], [PAGE_SEQ], [CREATED_BY], [CREATED_ON], [UPDATED_BY], [UPDATED_ON]) VALUES (1015, N'Student Review', N'ViewModelCoStQues.aspx', 1, 7, NULL, NULL, 2, NULL, NULL, NULL, NULL)
INSERT [dbo].[tbl_PAGE] ([PAGE_ID], [PAGE_NAME], [PAGE_PATH], [APPLICATION_ID], [MENU_GROUP_ID], [PAGE_TYPE], [UPDATE_ID], [PAGE_SEQ], [CREATED_BY], [CREATED_ON], [UPDATED_BY], [UPDATED_ON]) VALUES (1016, N'Coach Review', N'ViewModelCoachQuestions.aspx', 1, 7, NULL, NULL, 3, NULL, NULL, NULL, NULL)
SET IDENTITY_INSERT [dbo].[tbl_PAGE] OFF
SET IDENTITY_INSERT [dbo].[tbl_ROLE_PAGE] ON 

INSERT [dbo].[tbl_ROLE_PAGE] ([ROLE_PAGE_ID], [ROLE_ID], [PAGE_ID], [CAN_ADD], [CAN_EDIT], [CAN_DELETE], [UPDATE_ID], [CREATED_BY], [CREATED_ON], [UPDATED_BY], [UPDATED_ON], [MAKE_ID]) VALUES (1, 1, 1, NULL, NULL, NULL, NULL, NULL, NULL, NULL, NULL, NULL)
INSERT [dbo].[tbl_ROLE_PAGE] ([ROLE_PAGE_ID], [ROLE_ID], [PAGE_ID], [CAN_ADD], [CAN_EDIT], [CAN_DELETE], [UPDATE_ID], [CREATED_BY], [CREATED_ON], [UPDATED_BY], [UPDATED_ON], [MAKE_ID]) VALUES (2, 1, 2, NULL, NULL, NULL, NULL, NULL, NULL, NULL, NULL, NULL)
INSERT [dbo].[tbl_ROLE_PAGE] ([ROLE_PAGE_ID], [ROLE_ID], [PAGE_ID], [CAN_ADD], [CAN_EDIT], [CAN_DELETE], [UPDATE_ID], [CREATED_BY], [CREATED_ON], [UPDATED_BY], [UPDATED_ON], [MAKE_ID]) VALUES (3, 1, 3, NULL, NULL, NULL, NULL, NULL, NULL, NULL, NULL, NULL)
INSERT [dbo].[tbl_ROLE_PAGE] ([ROLE_PAGE_ID], [ROLE_ID], [PAGE_ID], [CAN_ADD], [CAN_EDIT], [CAN_DELETE], [UPDATE_ID], [CREATED_BY], [CREATED_ON], [UPDATED_BY], [UPDATED_ON], [MAKE_ID]) VALUES (4, 1, 4, NULL, NULL, NULL, NULL, NULL, NULL, NULL, NULL, NULL)
INSERT [dbo].[tbl_ROLE_PAGE] ([ROLE_PAGE_ID], [ROLE_ID], [PAGE_ID], [CAN_ADD], [CAN_EDIT], [CAN_DELETE], [UPDATE_ID], [CREATED_BY], [CREATED_ON], [UPDATED_BY], [UPDATED_ON], [MAKE_ID]) VALUES (11, 1, 6, NULL, NULL, NULL, NULL, NULL, NULL, NULL, NULL, NULL)
INSERT [dbo].[tbl_ROLE_PAGE] ([ROLE_PAGE_ID], [ROLE_ID], [PAGE_ID], [CAN_ADD], [CAN_EDIT], [CAN_DELETE], [UPDATE_ID], [CREATED_BY], [CREATED_ON], [UPDATED_BY], [UPDATED_ON], [MAKE_ID]) VALUES (12, 1, 7, NULL, NULL, NULL, NULL, NULL, NULL, NULL, NULL, NULL)
INSERT [dbo].[tbl_ROLE_PAGE] ([ROLE_PAGE_ID], [ROLE_ID], [PAGE_ID], [CAN_ADD], [CAN_EDIT], [CAN_DELETE], [UPDATE_ID], [CREATED_BY], [CREATED_ON], [UPDATED_BY], [UPDATED_ON], [MAKE_ID]) VALUES (13, 1, 8, NULL, NULL, NULL, NULL, NULL, NULL, NULL, NULL, NULL)
INSERT [dbo].[tbl_ROLE_PAGE] ([ROLE_PAGE_ID], [ROLE_ID], [PAGE_ID], [CAN_ADD], [CAN_EDIT], [CAN_DELETE], [UPDATE_ID], [CREATED_BY], [CREATED_ON], [UPDATED_BY], [UPDATED_ON], [MAKE_ID]) VALUES (14, 1, 9, NULL, NULL, NULL, NULL, NULL, NULL, NULL, NULL, NULL)
INSERT [dbo].[tbl_ROLE_PAGE] ([ROLE_PAGE_ID], [ROLE_ID], [PAGE_ID], [CAN_ADD], [CAN_EDIT], [CAN_DELETE], [UPDATE_ID], [CREATED_BY], [CREATED_ON], [UPDATED_BY], [UPDATED_ON], [MAKE_ID]) VALUES (15, 1, 10, NULL, NULL, NULL, NULL, NULL, NULL, NULL, NULL, NULL)
INSERT [dbo].[tbl_ROLE_PAGE] ([ROLE_PAGE_ID], [ROLE_ID], [PAGE_ID], [CAN_ADD], [CAN_EDIT], [CAN_DELETE], [UPDATE_ID], [CREATED_BY], [CREATED_ON], [UPDATED_BY], [UPDATED_ON], [MAKE_ID]) VALUES (16, 1, 11, NULL, NULL, NULL, NULL, NULL, NULL, NULL, NULL, NULL)
INSERT [dbo].[tbl_ROLE_PAGE] ([ROLE_PAGE_ID], [ROLE_ID], [PAGE_ID], [CAN_ADD], [CAN_EDIT], [CAN_DELETE], [UPDATE_ID], [CREATED_BY], [CREATED_ON], [UPDATED_BY], [UPDATED_ON], [MAKE_ID]) VALUES (17, 1, 12, NULL, NULL, NULL, NULL, NULL, NULL, NULL, NULL, NULL)
INSERT [dbo].[tbl_ROLE_PAGE] ([ROLE_PAGE_ID], [ROLE_ID], [PAGE_ID], [CAN_ADD], [CAN_EDIT], [CAN_DELETE], [UPDATE_ID], [CREATED_BY], [CREATED_ON], [UPDATED_BY], [UPDATED_ON], [MAKE_ID]) VALUES (18, 1, 13, NULL, NULL, NULL, NULL, NULL, NULL, NULL, NULL, NULL)
INSERT [dbo].[tbl_ROLE_PAGE] ([ROLE_PAGE_ID], [ROLE_ID], [PAGE_ID], [CAN_ADD], [CAN_EDIT], [CAN_DELETE], [UPDATE_ID], [CREATED_BY], [CREATED_ON], [UPDATED_BY], [UPDATED_ON], [MAKE_ID]) VALUES (20, 2, 1012, NULL, NULL, NULL, NULL, NULL, NULL, NULL, NULL, NULL)
INSERT [dbo].[tbl_ROLE_PAGE] ([ROLE_PAGE_ID], [ROLE_ID], [PAGE_ID], [CAN_ADD], [CAN_EDIT], [CAN_DELETE], [UPDATE_ID], [CREATED_BY], [CREATED_ON], [UPDATED_BY], [UPDATED_ON], [MAKE_ID]) VALUES (22, 3, 1013, NULL, NULL, NULL, NULL, NULL, NULL, NULL, NULL, NULL)
INSERT [dbo].[tbl_ROLE_PAGE] ([ROLE_PAGE_ID], [ROLE_ID], [PAGE_ID], [CAN_ADD], [CAN_EDIT], [CAN_DELETE], [UPDATE_ID], [CREATED_BY], [CREATED_ON], [UPDATED_BY], [UPDATED_ON], [MAKE_ID]) VALUES (24, 3, 1015, NULL, NULL, NULL, NULL, NULL, NULL, NULL, NULL, NULL)
INSERT [dbo].[tbl_ROLE_PAGE] ([ROLE_PAGE_ID], [ROLE_ID], [PAGE_ID], [CAN_ADD], [CAN_EDIT], [CAN_DELETE], [UPDATE_ID], [CREATED_BY], [CREATED_ON], [UPDATED_BY], [UPDATED_ON], [MAKE_ID]) VALUES (25, 3, 1016, NULL, NULL, NULL, NULL, NULL, NULL, NULL, NULL, NULL)
SET IDENTITY_INSERT [dbo].[tbl_ROLE_PAGE] OFF
SET IDENTITY_INSERT [dbo].[tbl_USER_TYPE] ON 

INSERT [dbo].[tbl_USER_TYPE] ([USER_TYPE_ID], [USER_TYPE], [CREATED_BY], [CREATED_ON], [UPDATED_BY], [UPDATED_ON]) VALUES (1, N'Admin', NULL, NULL, NULL, NULL)
INSERT [dbo].[tbl_USER_TYPE] ([USER_TYPE_ID], [USER_TYPE], [CREATED_BY], [CREATED_ON], [UPDATED_BY], [UPDATED_ON]) VALUES (2, N'student', NULL, NULL, NULL, NULL)
INSERT [dbo].[tbl_USER_TYPE] ([USER_TYPE_ID], [USER_TYPE], [CREATED_BY], [CREATED_ON], [UPDATED_BY], [UPDATED_ON]) VALUES (3, N'Coach', NULL, NULL, NULL, NULL)
SET IDENTITY_INSERT [dbo].[tbl_USER_TYPE] OFF



SET IDENTITY_INSERT [dbo].[tbl_USER] ON 

INSERT [dbo].[tbl_USER] ([USER_ID], [FIRST_NAME], [LOGIN_ID], [PASSWORD], [EMAIL], [MOBILE_NO], [PHONE_NUMBER_EXT], [USER_TYPE], [RETRY_COUNT], [IS_DELETED], [IS_ACTIVE], [UPDATE_ID], [CREATED_BY], [CREATED_ON], [UPDATED_BY], [UPDATED_ON], [PWD_LASTUPDDATE], [PASSWORD_EXPIRYDATE], [MAKE_ID], [DEPT_NAME], [USER_CLASS], [CNIC], [DESIGNATION], [CITY], [COUNTRY], [DATE_OF_BIRTH], [MOTHER_MAIDEN_NAME], [LAST_LOGIN], [EMPLOYEE_NO], [USER_TYPE_ID], [TEAM_ID], [LAST_NAME], [COMMENTS], [ENROLL_DATE], [SKYPE_ID]) VALUES (1, N'admin', N'admin', N'admin', N'talha_476@hotmail.com', NULL, NULL, N'1', NULL, N'0', N'1', NULL, NULL, NULL, NULL, NULL, NULL, NULL, NULL, NULL, NULL, NULL, NULL, NULL, NULL, NULL, NULL, NULL, NULL, 1, NULL, N'ashfaque', NULL, NULL, NULL)

SET IDENTITY_INSERT [dbo].[tbl_USER] OFF
